{
  "RN ten Doeschate": 3.4285714285714284,
  "J Yadav": 4.142857142857143,
  "V Kohli": 5.454545454545454,
  "R Ashwin": 5.725,
  "S Nadeem": 5.863636363636363,
  "Z Khan": 6.15483870967742,
  "Parvez Rasool": 6.2,
  "MC Henriques": 6.267515923566879,
  "MA Starc": 6.75,
  "M de Lange": 6.923076923076923
}